Model,Train_Accuracy,CV_Mean,CV_Std,Test_Accuracy,AUC_Score
naive_bayes,0.927,0.91225,0.010677078252031298,0.916,0.9841452822107744
svm,0.984,0.9115,0.012129509470708219,0.917,0.9682905644215488
random_forest,0.99925,0.9065,0.010470195795685975,0.919,0.9845295419703719
logistic_regression,0.94375,0.9100000000000001,0.008732124598286466,0.907,0.9829684866970072
