Model,Train Accuracy,CV Mean,CV Std,Test Accuracy
naive_bayes,0.9875,0.8625,0.09999999999999999,0.8
logistic_regression,1.0,0.8625,0.09999999999999999,0.85
svm,1.0,0.825,0.09185586535436917,0.9
random_forest,1.0,0.825,0.07288689868556626,0.8
